<?xml version="1.0" encoding="UTF-8"?>

<mule xmlns:jersey="http://www.mulesoft.org/schema/mule/jersey" xmlns:file="http://www.mulesoft.org/schema/mule/file" xmlns:http="http://www.mulesoft.org/schema/mule/http" xmlns="http://www.mulesoft.org/schema/mule/core" xmlns:doc="http://www.mulesoft.org/schema/mule/documentation"
    xmlns:spring="http://www.springframework.org/schema/beans" 
    xmlns:xsi="http://www.w3.org/2001/XMLSchema-instance"
    xsi:schemaLocation="http://www.springframework.org/schema/beans http://www.springframework.org/schema/beans/spring-beans-current.xsd
http://www.mulesoft.org/schema/mule/core http://www.mulesoft.org/schema/mule/core/current/mule.xsd
http://www.mulesoft.org/schema/mule/http http://www.mulesoft.org/schema/mule/http/current/mule-http.xsd
http://www.mulesoft.org/schema/mule/file http://www.mulesoft.org/schema/mule/file/current/mule-file.xsd
http://www.mulesoft.org/schema/mule/jersey http://www.mulesoft.org/schema/mule/jersey/current/mule-jersey.xsd">
    <http:listener-config name="HTTP_Listener_Configuration" host="0.0.0.0" port="8081" doc:name="HTTP Listener Configuration" >
        <http:worker-threading-profile poolExhaustedAction="WAIT"/>
    </http:listener-config>
    <http:request-config name="HTTP_Request_Configuration" host="ws.audioscrobbler.com"  doc:name="HTTP Request Configuration" basePath="2.0" port="80"/>
    <flow name="gsstrozi-lastfmFlow">
        <http:listener config-ref="HTTP_Listener_Configuration" path="/*" doc:name="HTTP"/>
        <jersey:resources doc:name="REST">
            <component class="org.rest.base.RESTService"/>
        </jersey:resources>
    </flow>
</mule>